Attrition,OverTime,PerformanceRating,Gender,JobLevel,JobSatisfaction,MaritalStatus,MonthlyIncome,NumCompaniesWorked,PercentSalaryHike,TotalWorkingYears,YearsAtCompany,YearsInCurrentRole,YearsSinceLastPromotion,YearsWithCurrManager,Age,DailyRate
1,Yes,3,Female,2,4,Single,5993,8,11,8,6,4,0,5,41,1102
1,Yes,3,Male,1,3,Single,2090,6,15,7,0,0,0,0,37,1373
1,Yes,3,Male,1,3,Single,2028,5,14,6,4,2,0,3,28,103
1,No,4,Male,1,1,Single,3407,7,23,10,5,3,0,3,36,1218
1,No,3,Male,1,1,Single,2960,2,11,8,4,2,1,3,34,699
1,Yes,4,Female,1,1,Single,3919,1,22,10,10,2,6,7,32,1125
1,Yes,3,Male,1,4,Married,2293,2,16,6,2,0,2,0,24,813
1,Yes,3,Male,1,3,Married,2683,1,14,3,3,2,0,2,50,869
1,No,3,Male,1,3,Single,2293,1,12,1,1,0,0,1,26,1357
1,Yes,3,Male,3,3,Single,5381,9,13,23,1,0,0,0,48,626
1,Yes,3,Male,1,3,Single,3441,1,13,2,2,2,2,2,28,1434
1,Yes,3,Male,1,3,Married,3388,0,17,2,1,0,0,0,36,318
1,Yes,4,Male,1,1,Divorced,2073,4,22,7,3,2,0,2,37,807
1,Yes,3,Female,1,4,Single,2926,1,18,1,1,0,1,0,20,871
1,Yes,3,Male,2,3,Single,5744,1,11,6,6,4,0,3,25,240
1,Yes,4,Male,2,3,Single,6074,1,24,9,9,7,0,6,34,658
1,Yes,3,Female,1,2,Married,4963,9,18,7,5,4,4,3,56,441
1,Yes,3,Male,1,3,Single,1675,1,19,0,0,0,0,0,19,528
1,Yes,3,Female,2,3,Married,4559,3,11,4,2,2,2,2,31,542
1,No,4,Female,1,1,Single,2325,0,21,1,0,0,0,0,19,602
1,Yes,4,Female,1,2,Single,3140,1,22,4,4,3,0,2,41,1356
1,Yes,3,Male,2,3,Married,5916,3,13,8,1,0,0,1,35,556
1,Yes,3,Male,2,1,Married,6673,7,19,17,1,0,0,0,38,1180
1,Yes,3,Female,1,1,Single,2657,5,11,8,5,2,0,4,30,1005
1,No,3,Female,2,1,Single,6696,5,15,9,6,3,0,1,30,334
1,Yes,3,Male,1,4,Single,2389,1,13,4,4,3,0,1,29,896
1,Yes,3,Male,1,3,Single,3730,0,14,4,3,2,1,2,32,515
1,Yes,3,Male,2,4,Single,5828,1,12,8,8,7,7,4,26,950
1,No,3,Male,1,3,Single,1420,1,13,0,0,0,0,0,18,230
1,Yes,3,Male,1,4,Married,3464,5,13,5,3,2,2,2,28,1157
1,Yes,3,Female,2,3,Married,5238,4,18,12,1,0,0,0,39,1162
1,Yes,3,Female,1,2,Single,2174,1,11,3,3,2,1,2,21,756
1,Yes,3,Female,1,3,Single,2851,1,13,1,1,0,0,0,33,350
1,Yes,3,Male,2,3,Married,6380,2,12,8,6,4,1,0,40,575
1,Yes,3,Male,2,4,Single,5304,8,13,9,5,2,0,4,34,1362
1,Yes,4,Male,1,4,Single,2285,9,23,3,1,0,0,0,30,464
1,Yes,3,Female,1,2,Single,3202,1,16,6,5,3,1,4,24,1448
1,Yes,3,Male,3,3,Married,13610,7,12,15,7,6,7,7,33,1277
1,Yes,3,Female,3,1,Divorced,9950,9,15,11,3,2,0,2,34,988
1,No,3,Male,1,3,Single,3894,5,16,4,2,2,1,2,22,1368
1,Yes,3,Male,1,2,Single,1878,1,14,0,0,0,0,0,18,1306
1,Yes,3,Male,1,4,Single,2340,1,18,1,1,0,0,0,26,471
1,Yes,3,Female,1,3,Married,2886,1,16,6,6,3,1,2,24,1287
1,No,3,Male,1,1,Married,2033,1,18,1,1,0,0,0,30,448
1,Yes,3,Male,1,3,Single,1009,1,11,1,1,0,1,1,20,1362
1,Yes,3,Male,1,1,Single,3348,1,11,10,10,8,9,7,33,1076
1,No,3,Female,2,3,Single,4577,9,14,4,2,2,2,0,24,693
1,Yes,3,Female,1,2,Single,2216,7,13,10,7,7,3,7,28,654
1,Yes,3,Male,1,3,Divorced,2759,6,12,7,2,2,2,2,42,933
1,Yes,3,Female,2,3,Single,6397,4,12,8,5,4,1,3,47,719
1,No,3,Male,2,1,Single,5326,6,17,6,4,3,1,2,26,1146
1,Yes,4,Male,1,1,Married,1601,1,21,1,0,0,0,0,23,1243
1,Yes,3,Female,1,1,Married,2319,1,11,1,1,0,0,0,29,805
1,No,3,Female,2,1,Single,5324,5,15,6,3,2,0,2,33,118
1,Yes,3,Male,5,2,Single,19246,7,12,40,31,15,13,8,58,286
1,No,3,Male,1,3,Single,4382,6,17,5,2,2,2,1,28,890
1,Yes,4,Male,1,4,Single,2795,1,24,1,1,0,0,1,32,374
1,Yes,3,Male,1,4,Divorced,2380,9,14,3,1,0,0,0,58,781
1,Yes,4,Male,1,1,Married,2404,7,21,8,2,2,2,2,39,1122
1,Yes,3,Male,1,2,Married,2413,1,18,1,1,0,0,0,25,867
1,Yes,3,Male,1,2,Single,2121,1,13,1,1,0,0,0,19,419
1,No,3,Male,1,1,Single,2973,1,19,1,1,0,0,0,20,129
1,No,4,Male,1,3,Single,2479,4,24,7,1,0,0,0,58,289
1,Yes,4,Male,1,1,Single,2321,0,22,4,3,2,1,2,31,335
1,Yes,4,Female,1,1,Single,2404,6,20,3,0,0,0,0,29,906
1,Yes,3,Female,1,3,Married,2132,4,11,7,5,2,0,1,30,138
1,Yes,3,Female,1,1,Single,2600,1,15,1,1,0,0,0,20,1097
1,No,3,Male,2,1,Single,4969,8,18,7,2,2,2,2,26,265
1,Yes,3,Male,1,1,Married,2042,6,14,6,3,2,1,2,26,342
1,Yes,3,Female,1,4,Single,2323,1,14,2,2,2,0,2,20,769
1,No,3,Female,1,1,Single,1416,1,13,1,1,0,1,0,21,1334
1,Yes,3,Male,1,3,Married,2461,9,12,18,10,0,2,7,51,1323
1,No,3,Male,3,1,Married,10482,9,14,24,20,6,3,6,44,1376
1,Yes,4,Male,3,1,Single,9582,0,22,9,8,7,4,7,35,1204
1,Yes,4,Male,1,2,Single,2313,4,20,5,2,2,2,2,33,1017
1,Yes,3,Male,2,3,Single,4728,3,14,5,0,0,0,0,50,959
1,No,3,Male,1,3,Single,1904,1,12,0,0,0,0,0,18,247
1,Yes,3,Female,2,1,Single,8224,0,17,6,5,2,0,3,33,603
1,Yes,3,Male,4,1,Single,13758,0,12,22,21,9,13,14,42,481
1,Yes,3,Female,1,4,Married,2515,1,11,1,1,1,0,0,28,1485
1,Yes,3,Male,1,3,Single,2936,1,11,6,6,4,0,2,44,1097
1,Yes,3,Male,1,4,Married,2853,0,11,1,0,0,0,0,22,1256
1,Yes,4,Female,1,2,Single,1859,1,25,1,1,1,0,0,19,504
1,Yes,3,Male,1,4,Single,1118,1,14,1,1,0,1,0,25,599
1,No,3,Male,1,1,Single,3904,0,13,6,5,2,0,3,39,360
1,Yes,3,Male,3,2,Single,9094,2,12,9,5,4,1,0,40,299
1,Yes,3,Male,3,2,Single,8446,9,19,10,8,7,7,7,52,1030
1,Yes,3,Female,1,2,Single,2302,1,11,3,3,2,2,2,31,1060
1,Yes,3,Male,4,3,Single,13695,6,17,24,19,7,3,8,55,267
1,Yes,3,Female,2,3,Married,4614,0,18,5,4,2,3,2,35,662
1,Yes,3,Male,2,3,Married,6179,1,15,10,10,2,6,7,31,330
1,Yes,3,Female,1,3,Single,2394,1,13,8,8,2,7,7,27,135
1,Yes,4,Female,1,1,Single,3646,2,23,11,1,0,0,0,39,592
1,Yes,3,Male,1,4,Married,3722,6,13,7,2,2,2,2,31,523
1,Yes,3,Male,1,1,Single,3172,2,11,4,0,0,0,0,24,381
1,No,3,Male,1,1,Single,2561,7,11,8,0,0,0,0,28,289
1,Yes,3,Female,1,1,Divorced,2074,1,12,1,1,0,0,0,35,104
1,Yes,3,Male,1,2,Married,2408,1,17,1,1,1,0,0,28,329
1,Yes,3,Female,1,4,Single,1569,1,12,0,0,0,0,0,18,544
1,No,3,Male,3,1,Married,10306,9,17,15,13,12,6,0,35,737
1,Yes,3,Male,1,1,Single,2166,3,14,10,4,2,0,3,40,1329
1,Yes,3,Male,1,3,Single,3989,1,11,5,5,4,1,2,23,1320
1,No,3,Male,1,2,Single,1393,1,12,1,1,0,0,0,32,1259
1,Yes,4,Female,3,1,Single,8564,2,20,11,0,0,0,0,33,211
1,Yes,3,Male,1,3,Married,2437,9,16,6,1,0,0,0,43,807
1,No,3,Male,1,2,Single,2679,1,13,1,1,0,1,0,21,337
1,Yes,3,Female,1,1,Married,2398,1,17,1,1,0,0,0,22,1294
1,Yes,3,Male,2,4,Single,5813,1,18,10,10,7,7,7,35,303
1,No,3,Male,1,1,Married,2956,0,17,2,1,0,0,0,31,359
1,Yes,3,Male,1,1,Divorced,2335,4,15,4,2,2,2,0,29,350
1,Yes,3,Male,2,2,Single,9907,7,12,7,2,2,2,2,32,414
1,Yes,4,Male,1,4,Single,2439,1,24,1,1,0,1,0,29,459
1,No,4,Female,3,2,Married,7314,5,21,14,8,7,0,7,46,1254
1,No,3,Male,1,4,Single,1081,1,13,1,1,0,0,0,30,945
1,Yes,4,Male,1,2,Single,2472,1,23,1,1,0,0,0,22,391
1,Yes,4,Male,1,1,Married,2307,1,23,5,5,2,3,0,34,967
1,No,3,Male,1,4,Single,2587,1,16,5,4,2,1,0,56,1162
1,No,3,Male,1,1,Single,1091,1,17,1,1,0,0,0,29,746
1,Yes,3,Female,2,3,Single,9854,3,11,6,2,0,2,2,28,1475
1,Yes,3,Female,1,3,Single,2432,3,14,8,4,1,0,3,32,238
1,No,3,Female,1,2,Married,2863,1,12,1,1,0,0,0,27,1337
1,No,3,Male,1,4,Divorced,2367,5,12,6,4,1,0,3,28,1404
1,Yes,3,Male,2,4,Married,5617,1,11,10,10,7,0,8,31,754
1,Yes,3,Male,3,1,Single,10448,6,13,15,2,2,2,2,53,1168
1,No,3,Male,1,1,Married,1790,1,19,1,1,0,1,0,23,638
1,Yes,3,Male,1,4,Married,4787,9,14,4,2,2,2,2,29,1092
1,No,3,Male,1,3,Married,2339,8,11,14,10,9,9,8,56,310
1,No,3,Male,2,3,Divorced,6728,7,12,12,6,3,0,1,50,878
1,Yes,3,Male,3,1,Divorced,10854,4,13,20,3,2,2,0,50,410
0,No,4,Male,2,2,Married,5130,1,23,10,10,7,1,7,49,279
0,No,3,Male,1,2,Married,3468,9,12,6,2,2,2,2,27,591
0,No,3,Male,1,4,Single,3068,0,13,8,7,7,3,6,32,1005
0,No,4,Male,1,3,Divorced,2693,1,22,1,1,0,0,0,30,1358
0,No,4,Male,3,3,Single,9526,0,21,10,9,7,1,8,38,216
0,No,3,Male,2,3,Married,5237,6,13,17,7,7,7,7,36,1299
0,No,3,Male,1,2,Married,2426,0,13,6,5,4,0,3,35,809
0,Yes,3,Female,2,3,Single,4193,0,12,10,9,5,0,8,29,153
0,No,3,Male,1,3,Divorced,2911,1,17,5,5,2,4,3,31,670
0,No,3,Male,1,4,Divorced,2661,0,11,3,2,2,1,2,34,1346
0,No,3,Female,3,1,Divorced,9980,1,11,10,10,9,8,8,29,1389
0,Yes,3,Male,1,2,Divorced,3298,0,12,7,6,2,0,5,32,334
0,Yes,3,Male,1,4,Divorced,2935,1,13,1,1,0,0,0,22,1123
0,No,3,Female,4,4,Married,15427,2,16,31,25,8,3,7,53,1219
0,No,3,Female,2,3,Divorced,4011,0,18,5,4,2,1,3,24,673
0,No,3,Female,3,2,Single,11994,0,11,13,12,6,2,11,34,419
0,No,3,Male,1,4,Single,1232,1,14,0,0,0,0,0,21,391
0,No,3,Female,5,3,Divorced,19094,4,11,26,14,13,4,8,53,1282
0,No,3,Male,2,2,Married,6825,0,11,10,9,7,4,2,42,691
0,No,3,Female,3,4,Married,10248,3,14,24,22,6,5,17,44,477
0,No,3,Female,5,1,Single,18947,3,12,22,2,2,2,1,46,705
0,No,3,Male,1,4,Single,2496,4,11,7,1,1,0,0,33,924
0,Yes,3,Male,2,4,Married,6465,2,13,9,4,2,1,3,44,1459
0,No,3,Male,1,3,Single,2206,1,13,10,10,0,1,8,30,125
0,No,3,Female,1,3,Divorced,2645,1,12,6,5,3,1,4,43,1273
0,No,3,Female,1,4,Married,2014,1,13,2,2,2,2,2,35,890
0,No,3,Female,2,1,Married,5376,2,19,10,5,3,1,3,33,1141
0,No,3,Male,1,4,Divorced,1951,1,12,1,1,0,0,0,35,464
0,No,3,Female,1,1,Divorced,2341,1,13,1,1,0,0,0,27,1240
0,No,3,Male,3,3,Single,8726,1,15,9,9,8,1,7,27,994
0,No,4,Female,2,4,Single,4011,1,23,12,12,8,3,7,30,721
0,No,4,Male,2,3,Single,4568,0,20,10,9,5,8,7,34,1065
0,No,4,Male,1,2,Married,3022,4,21,8,1,0,0,0,37,408
0,Yes,4,Male,2,4,Single,5772,4,21,14,9,6,0,8,46,1211
0,No,3,Male,1,4,Married,2269,1,19,1,1,0,0,1,35,1229
0,Yes,3,Female,3,4,Single,13458,1,12,15,15,14,8,12,33,515
0,No,4,Male,3,1,Married,9069,1,22,9,9,8,1,8,35,853
0,No,4,Male,2,4,Divorced,5915,3,22,10,7,7,1,7,31,655
0,No,3,Male,2,3,Divorced,5993,1,18,7,7,5,0,7,37,1115
0,Yes,4,Male,2,4,Married,6162,1,22,9,9,8,7,8,32,427
0,No,3,Female,2,4,Single,2406,1,11,10,10,3,9,9,38,653
0,No,3,Female,3,1,Single,7637,7,11,28,21,16,7,9,59,1435
0,No,3,Female,3,3,Divorced,10096,1,13,17,17,14,12,8,36,1223
0,Yes,3,Female,4,3,Divorced,14756,2,14,21,5,0,0,2,55,836
0,No,3,Male,2,2,Single,6499,1,13,6,6,5,0,3,36,1195
0,No,3,Male,3,1,Divorced,9724,2,17,25,1,0,0,0,45,1339
0,No,3,Male,1,1,Married,2194,4,13,5,3,2,1,2,35,664
0,No,3,Female,2,3,Single,5473,7,11,20,4,3,1,3,59,1225
0,No,4,Male,1,2,Married,2703,0,23,6,5,4,0,4,29,1328
0,No,3,Male,2,2,Married,6220,1,17,10,10,4,0,9,32,548
0,No,3,Female,1,4,Married,3038,3,12,5,1,0,0,0,36,132
0,No,4,Female,2,4,Single,4424,1,23,11,11,7,1,8,31,746
0,No,3,Male,2,1,Single,4312,0,14,16,15,13,2,8,35,776
0,No,3,Male,3,3,Single,13664,4,13,16,5,2,0,2,37,397
0,Yes,4,Male,2,2,Divorced,5021,8,22,16,4,2,0,2,46,945
0,No,3,Male,1,3,Single,2859,1,18,6,6,4,0,4,35,1214
0,No,3,Male,3,4,Married,10239,3,14,24,1,0,1,0,55,111
0,Yes,3,Female,2,4,Divorced,5329,7,12,17,13,11,1,9,38,573
0,No,3,Male,2,2,Married,4325,1,15,5,5,2,1,3,34,1153
0,No,3,Male,3,4,Single,7260,4,11,37,6,4,0,2,56,1400
0,No,3,Male,1,1,Divorced,2322,3,13,3,0,0,0,0,23,541
0,No,4,Male,1,4,Married,2075,3,23,10,4,2,0,3,51,432
0,No,3,Male,2,4,Married,4152,1,19,11,11,10,10,8,30,288
0,No,4,Male,4,2,Married,13503,1,22,22,22,3,11,11,40,530
0,Yes,3,Female,2,2,Divorced,5209,1,12,11,11,8,2,7,30,1334
0,Yes,3,Male,3,1,Married,10673,2,13,21,10,9,9,5,46,638
0,No,3,Male,2,3,Single,5010,1,16,12,11,8,5,7,32,1093
0,No,3,Female,3,3,Married,13549,9,12,16,4,3,0,3,54,1217
0,No,4,Female,2,3,Married,4999,0,21,4,3,2,0,2,24,1353
0,No,3,Male,2,3,Married,4221,1,15,5,5,4,0,4,28,120
0,No,3,Male,4,3,Single,13872,0,13,38,37,10,1,8,58,682
0,No,3,Male,2,2,Married,2042,4,12,17,3,2,1,2,44,489
0,No,3,Female,2,3,Single,4809,1,14,16,16,13,2,10,34,665
0,No,3,Male,2,4,Divorced,5163,5,14,17,1,0,0,0,37,1040
0,No,4,Female,5,4,Married,18844,9,21,30,3,2,2,2,59,1420
0,Yes,3,Female,5,2,Married,18172,3,19,28,8,3,0,7,50,1115
0,No,3,Male,1,4,Married,2889,1,11,2,2,2,2,1,25,1280
0,No,3,Female,1,4,Single,2871,1,15,1,0,0,0,0,22,534
0,No,4,Female,3,1,Single,7484,3,20,23,13,12,12,8,51,1456
0,Yes,3,Female,4,4,Single,17328,2,12,23,5,3,4,4,54,142
0,No,3,Male,1,3,Married,2774,0,12,6,5,3,1,2,24,1127
0,No,3,Female,2,2,Divorced,4505,6,15,12,1,0,0,0,34,1031
0,No,3,Male,3,4,Single,7428,2,12,12,5,3,1,3,37,1189
0,No,3,Female,3,1,Single,11631,2,12,14,11,10,5,8,34,1354
0,No,3,Female,3,4,Married,9738,0,14,10,9,7,2,8,36,1467
0,No,4,Female,1,4,Divorced,2835,5,22,7,1,0,0,0,36,922
0,Yes,3,Male,4,4,Married,16959,1,12,25,25,12,4,12,43,394
0,No,4,Male,1,3,Divorced,2613,1,25,10,10,7,0,9,30,1312
0,No,3,Male,2,2,Married,6146,0,13,8,7,7,0,7,33,750
0,No,3,Male,5,3,Single,19537,7,13,23,20,18,15,15,51,684
0,No,3,Female,1,2,Married,2368,1,19,5,5,4,4,3,26,841
0,No,3,Male,1,4,Married,2523,0,14,3,2,1,2,1,22,594
0,No,3,Female,2,1,Married,6567,1,14,16,15,11,5,11,49,470
0,No,3,Female,1,3,Single,4739,4,12,18,3,2,1,2,43,957
0,No,3,Female,3,4,Single,9208,4,11,16,2,2,2,1,50,809
0,Yes,3,Male,3,3,Divorced,8189,3,13,12,9,7,0,7,41,802
0,No,4,Female,1,3,Married,2942,1,23,8,8,7,5,7,26,1355
0,No,4,Male,2,2,Divorced,4941,6,20,7,3,2,0,1,36,216
0,No,3,Female,2,3,Married,5902,4,14,17,15,11,5,9,39,1329
0,No,3,Male,2,3,Married,8639,2,18,6,2,2,2,2,25,959
0,Yes,3,Male,2,4,Married,6347,0,19,12,11,9,4,7,30,1240
0,No,3,Male,1,4,Single,3452,5,13,9,6,5,0,3,45,1316
0,Yes,4,Female,2,3,Single,4317,3,20,19,3,2,2,2,38,364
0,No,3,Female,1,3,Single,2632,1,14,5,5,4,0,4,30,438
0,No,3,Male,2,4,Divorced,4668,0,17,9,8,7,0,7,32,689
0,No,3,Female,1,1,Divorced,3204,5,14,8,3,2,2,2,30,201
0,No,3,Male,1,4,Single,2720,0,13,6,5,3,1,2,30,1427
0,No,3,Male,4,1,Divorced,17181,4,13,21,7,6,7,7,41,857
0,No,4,Male,1,1,Married,2238,2,21,7,5,0,1,4,41,933
0,No,3,Female,1,2,Single,1483,1,14,1,1,0,0,0,19,1181
0,No,3,Female,2,2,Divorced,5605,1,11,20,20,7,2,13,40,1395
0,No,3,Male,3,2,Married,7295,1,13,10,10,8,0,6,35,662
0,Yes,4,Male,2,3,Married,2306,2,20,13,7,7,4,5,53,1436
0,No,3,Male,2,2,Divorced,2348,8,18,20,17,9,0,15,45,194
0,No,3,Female,3,4,Single,8998,1,14,9,9,8,3,7,32,967
0,No,3,Male,2,3,Married,4319,1,13,10,10,7,0,9,29,1496
0,No,3,Male,2,3,Married,6132,2,17,10,1,0,0,0,51,1169
0,No,3,Male,3,4,Married,10855,7,11,15,12,11,2,11,40,630
0,No,3,Female,1,3,Married,2231,6,18,6,4,3,1,2,34,303
0,No,4,Male,1,4,Married,2323,1,24,2,2,2,2,2,22,1256
0,No,3,Male,1,2,Divorced,2024,6,18,6,2,2,2,2,27,691
0,No,3,Male,1,4,Married,2713,1,11,5,5,2,0,2,28,440
0,Yes,3,Male,3,4,Divorced,9439,3,16,12,5,3,1,4,57,334
0,No,3,Female,5,2,Single,19926,3,15,21,5,4,4,4,50,1452
0,No,3,Male,1,3,Divorced,2451,4,12,13,9,8,1,8,41,465
0,No,3,Female,3,4,Married,9419,2,12,12,10,9,7,4,30,1339
0,No,4,Female,2,4,Single,8686,4,22,12,8,3,0,7,38,702
0,No,4,Male,1,3,Single,3038,3,20,8,5,4,1,4,32,120
0,No,3,Male,1,2,Single,2088,4,12,13,8,7,7,2,36,1480
0,No,3,Male,2,1,Divorced,3072,1,11,12,12,9,6,10,30,111
0,Yes,3,Female,2,1,Divorced,5006,4,11,9,5,4,0,3,45,1268
0,Yes,3,Female,1,1,Divorced,4257,4,18,19,2,2,2,2,56,713
0,No,3,Male,1,4,Single,2500,0,14,4,3,1,0,2,33,134
0,No,4,Female,3,1,Divorced,10453,1,25,24,24,13,15,7,46,526
0,No,3,Female,1,4,Single,2288,1,12,2,2,2,2,1,38,1380
0,No,3,Female,1,2,Single,2311,2,15,9,3,2,1,2,34,629
0,No,3,Male,1,3,Married,3690,2,15,5,3,2,0,2,50,328
0,No,3,Female,2,1,Divorced,4450,1,11,5,4,2,1,3,53,1084
0,No,3,Female,1,2,Married,2756,1,13,8,8,7,1,6,33,931
0,No,3,Female,5,3,Married,19033,1,14,21,20,8,9,9,40,989
0,No,3,Male,5,2,Single,18722,8,11,36,24,15,2,15,55,692
0,No,3,Male,2,3,Married,9547,1,17,10,10,9,1,9,34,1069
0,No,3,Female,4,2,Single,13734,3,18,21,7,7,1,0,51,313
0,No,3,Male,5,3,Married,19999,0,14,34,33,18,11,9,52,699
0,No,3,Female,1,2,Single,2279,1,16,7,7,7,0,3,27,894
0,No,3,Male,1,4,Divorced,2089,4,14,7,5,4,2,2,43,1344
0,No,3,Male,2,3,Married,5296,1,17,8,8,7,7,7,26,933
0,No,4,Male,2,4,Single,6781,3,23,14,1,0,0,0,42,1332
0,No,3,Female,2,4,Single,6653,4,15,7,1,0,0,0,36,845
0,No,3,Male,3,4,Married,9699,4,11,16,13,9,1,12,36,541
0,No,3,Male,2,3,Married,6755,2,11,15,3,2,1,2,57,593
0,Yes,3,Female,1,3,Married,2213,3,13,10,7,7,1,7,40,1171
0,No,4,Male,1,4,Single,2610,1,24,3,3,2,2,2,21,895
0,No,4,Female,1,1,Married,3452,6,20,17,5,4,0,3,37,921
0,No,3,Female,2,3,Married,5258,2,14,7,1,0,0,0,46,1144
0,No,3,Male,3,4,Single,10496,6,15,20,4,3,1,3,50,1046
0,No,3,Male,1,2,Divorced,3816,1,11,5,5,2,0,4,27,1469
0,No,3,Male,2,4,Single,5253,1,16,7,7,5,0,7,28,304
0,No,4,Male,3,3,Single,10965,8,24,26,5,2,0,0,49,1261
0,No,3,Female,2,4,Married,4936,4,11,18,7,7,0,7,51,1178
0,No,3,Female,1,3,Married,2543,4,13,6,2,2,2,2,36,329
0,Yes,3,Female,4,4,Single,16659,2,13,30,5,4,1,2,55,1311
0,Yes,3,Female,2,3,Divorced,4260,1,12,5,5,2,0,3,24,1371
0,No,3,Male,1,2,Married,2476,1,18,1,1,0,0,0,30,202
0,No,3,Female,1,2,Married,2244,1,13,2,2,1,1,2,22,253
0,No,3,Male,3,3,Married,7596,1,13,10,10,9,9,0,36,164
0,No,3,Female,1,1,Divorced,3034,1,12,18,18,7,12,17,37,1107
0,No,3,Female,2,2,Divorced,5715,7,12,8,5,4,1,3,40,759
0,No,3,Female,1,1,Divorced,2576,3,16,8,5,2,1,2,42,201
0,No,3,Male,4,2,Divorced,14336,1,11,25,25,10,3,9,43,982
0,No,4,Female,2,3,Married,3448,6,22,20,1,0,0,0,40,555
0,No,3,Male,5,1,Married,19406,4,11,24,4,2,1,2,54,821
0,No,3,Female,2,3,Married,6538,9,15,6,3,2,1,2,34,1381
0,No,3,Female,2,1,Married,4306,1,12,13,13,10,3,12,31,480
0,No,4,Male,1,4,Married,2258,7,20,8,3,2,1,2,43,313
0,Yes,3,Female,2,3,Divorced,4522,4,14,8,5,2,0,2,43,1473
0,Yes,3,Female,2,3,Married,4449,3,15,15,13,11,10,7,37,1063
0,No,3,Male,1,1,Married,2218,1,12,4,4,2,3,2,31,329
0,Yes,3,Male,5,3,Divorced,19197,1,14,21,21,8,1,6,39,1218
0,No,3,Female,4,1,Married,13212,9,11,36,7,7,7,7,56,906
0,No,3,Female,2,3,Single,6577,0,11,6,5,4,4,4,30,1082
0,No,3,Male,3,1,Married,8392,1,16,10,10,7,0,7,41,645
0,No,3,Male,2,1,Divorced,4558,1,12,10,10,0,1,8,28,1300
0,Yes,3,Male,3,3,Married,7969,2,14,28,5,4,0,4,52,319
0,No,4,Male,1,4,Married,2654,3,21,8,2,2,0,2,45,192
0,No,3,Female,4,4,Married,16555,2,13,31,5,2,1,4,52,1490
0,No,3,Female,2,3,Divorced,4556,2,11,19,5,4,0,2,42,532
0,No,4,Female,2,4,Single,6091,2,20,11,5,4,0,2,30,317
0,No,3,Female,5,1,Married,19566,5,11,33,29,8,11,10,60,422
0,No,3,Female,2,3,Divorced,4810,2,14,19,10,7,0,8,46,1485
0,No,3,Female,2,4,Married,4523,0,11,7,6,5,0,4,42,1368
0,No,3,Female,5,3,Married,18041,0,14,21,20,15,1,12,40,1398
0,No,4,Female,1,4,Divorced,2886,1,22,3,3,2,0,2,26,1349
0,No,3,Male,1,4,Married,2097,4,15,9,5,3,1,4,30,1400
0,No,3,Male,3,3,Married,11935,1,18,10,10,2,0,7,29,986
0,No,3,Female,3,1,Married,8412,0,11,10,9,8,7,8,30,1398
0,No,3,Male,4,4,Divorced,14118,3,12,32,1,0,0,0,57,210
0,No,3,Male,4,3,Married,17046,0,15,28,27,10,15,7,50,1099
0,No,3,Female,1,4,Single,2564,0,14,12,11,7,6,7,30,1116
0,No,3,Female,3,1,Married,10266,4,19,22,18,13,13,11,60,1499
0,No,3,Female,2,4,Divorced,5070,5,13,20,5,0,0,4,47,983
0,No,3,Male,4,3,Married,17861,6,13,26,3,2,0,1,46,1009
0,No,3,Male,1,3,Single,4230,0,15,6,5,4,4,3,35,144
0,No,3,Female,2,3,Single,3780,7,11,19,1,0,0,0,54,548
0,No,3,Male,1,3,Divorced,2768,3,12,14,7,3,5,7,34,1303
0,Yes,3,Female,3,4,Married,9071,2,19,15,3,2,1,2,46,1125
0,No,4,Male,3,2,Divorced,10648,1,25,13,13,8,0,8,31,1274
0,No,3,Male,1,2,Single,2983,0,14,4,3,2,1,2,30,413
0,No,3,Male,1,3,Married,2093,4,17,8,2,2,2,0,42,1474
0,No,3,Male,3,4,Single,9980,1,14,10,10,3,9,7,36,635
0,No,3,Female,2,4,Married,4051,2,14,14,9,7,6,7,48,163
0,No,4,Female,4,2,Single,16835,3,23,37,10,9,7,7,55,1117
0,No,3,Male,2,4,Single,6230,7,14,16,14,3,1,10,41,267
0,No,3,Male,2,3,Married,4717,9,11,15,11,9,6,9,35,619
0,No,3,Female,4,3,Single,13237,7,15,22,20,6,5,13,40,302
0,No,3,Female,1,3,Married,3755,1,11,8,8,3,0,7,39,443
0,No,3,Male,2,2,Married,4805,0,19,9,8,7,3,7,45,561
0,No,3,Male,2,4,Divorced,4262,4,12,8,3,2,1,2,29,232
0,No,3,Female,4,3,Divorced,16184,4,19,10,6,1,0,5,33,922
0,No,4,Male,3,4,Divorced,11557,9,21,10,5,4,0,1,31,688
0,No,3,Male,3,1,Divorced,10932,3,15,20,1,0,0,1,40,1094
0,Yes,3,Female,2,3,Single,6811,2,17,10,8,7,0,7,41,509
0,No,3,Male,2,3,Divorced,4306,5,12,8,0,0,0,0,26,775
0,No,3,Female,2,3,Single,4859,1,16,5,5,4,0,3,35,195
0,No,3,Male,2,4,Single,5337,1,12,10,10,7,5,7,34,258
0,No,3,Female,3,4,Single,7491,4,17,12,6,5,1,2,37,799
0,No,3,Female,3,3,Married,10527,5,11,28,2,2,1,2,46,1034
0,No,3,Female,4,1,Married,16595,7,16,22,18,16,11,8,41,1276
0,No,3,Male,3,2,Divorced,8834,1,13,9,9,5,7,7,37,142
0,Yes,3,Male,2,1,Divorced,5577,3,12,18,10,9,6,9,52,956
0,No,3,Male,1,4,Married,2400,0,13,3,2,2,2,1,24,535
0,No,3,Female,2,3,Married,9824,3,19,18,1,0,0,0,38,1495
0,No,3,Female,2,2,Married,6447,6,12,8,6,5,4,3,37,446
0,Yes,3,Male,5,3,Divorced,19502,1,17,31,31,9,0,9,49,1245
0,Yes,3,Male,1,4,Married,2725,1,11,6,6,5,1,4,24,691
0,No,4,Male,2,2,Married,6272,1,20,6,5,3,1,4,26,703
0,No,4,Male,1,2,Married,2127,1,21,1,1,0,0,0,24,823
0,No,3,Male,5,2,Married,18200,1,11,32,32,5,10,7,50,1246
0,No,3,Male,1,3,Married,2096,1,11,7,7,4,0,6,25,622
0,Yes,3,Male,1,4,Married,3622,1,13,6,6,5,1,3,34,254
0,No,3,Male,2,4,Single,3681,4,14,9,3,2,0,2,35,538
0,No,4,Male,2,4,Divorced,5460,4,22,13,7,7,5,7,31,525
0,No,3,Female,1,3,Divorced,2187,0,12,6,5,3,0,3,27,798
0,No,3,Female,1,2,Single,2836,1,13,1,1,0,0,0,20,959
0,No,3,Female,2,4,Married,4089,1,13,10,10,2,2,2,42,622
0,Yes,3,Male,4,4,Divorced,16627,4,14,21,1,0,0,0,43,782
0,No,3,Female,1,1,Single,2619,3,17,8,0,0,0,0,38,362
0,Yes,3,Male,2,3,Divorced,5679,3,13,10,8,7,4,7,43,1001
0,No,3,Female,4,1,Married,15402,7,11,21,3,2,0,2,48,1236
0,No,3,Female,2,3,Single,5985,4,11,10,2,2,0,2,44,1112
0,Yes,3,Female,1,3,Divorced,2579,1,18,8,8,2,0,6,34,204
0,No,3,Male,1,3,Single,3447,1,11,3,3,2,1,2,21,1343
0,Yes,3,Male,5,4,Married,19513,4,12,26,2,2,0,1,44,1315
0,No,4,Male,1,3,Married,2773,0,20,3,2,2,2,2,22,604
0,No,3,Male,2,3,Divorced,7104,0,12,6,5,0,1,2,33,1216
0,Yes,3,Female,2,4,Married,6322,1,12,6,6,4,0,5,32,646
0,No,4,Female,1,3,Divorced,2083,1,20,1,1,0,0,0,30,160
0,No,4,Female,2,1,Single,8381,7,20,18,14,7,8,10,53,238
0,No,3,Male,1,4,Married,2691,1,12,10,10,9,8,8,34,1397
0,Yes,3,Female,1,4,Married,2659,1,13,3,3,2,0,2,26,991
0,No,3,Male,3,3,Married,9434,1,15,10,10,7,7,8,37,482
0,No,3,Female,2,3,Married,5561,1,14,6,6,0,1,2,29,1176
0,No,3,Male,2,4,Single,6646,1,13,17,17,11,11,8,35,1017
0,No,4,Male,2,4,Divorced,7725,3,23,15,13,11,4,7,33,1296
0,No,3,Male,3,2,Married,10725,2,15,16,9,7,7,1,54,397
0,Yes,3,Male,2,2,Divorced,8847,2,11,13,3,2,0,2,36,913
0,No,3,Male,1,4,Single,2045,0,13,5,4,2,1,1,27,1115
0,No,3,Male,1,3,Married,1281,1,18,1,1,0,0,0,35,727
0,No,3,Male,1,1,Married,2819,2,16,5,3,2,0,2,23,885
0,No,4,Male,2,2,Married,4851,0,22,4,3,2,1,2,25,810
0,No,4,Female,2,4,Single,4028,0,20,8,7,7,0,5,38,243
0,No,3,Male,1,4,Divorced,2720,1,18,10,10,7,2,8,29,806
0,No,3,Male,2,2,Married,8120,3,12,12,2,2,2,2,48,817
0,Yes,4,Female,2,4,Divorced,4647,1,20,6,6,5,0,4,27,1410
0,No,3,Male,1,4,Single,4680,3,17,4,1,0,0,0,37,1225
0,Yes,3,Male,1,3,Married,3221,1,11,20,20,8,3,8,50,1207
0,No,3,Female,3,2,Single,8621,1,14,9,8,7,7,7,34,1442
0,No,3,Female,2,3,Single,4553,1,11,20,20,7,11,10,39,408
0,No,3,Male,2,4,Single,5396,1,12,10,10,7,0,8,32,929
0,No,3,Female,2,4,Single,7625,0,13,10,9,7,1,8,38,827
0,No,3,Female,3,1,Married,7412,1,11,9,9,7,0,7,27,608
0,No,3,Female,3,4,Single,11159,3,15,10,7,7,7,7,32,1018
0,No,3,Male,2,1,Single,4960,2,12,20,7,7,1,7,47,703
0,Yes,4,Male,3,1,Married,10475,5,21,20,18,13,1,12,40,580
0,No,3,Male,4,3,Married,14814,3,19,32,5,1,1,3,53,970
0,No,3,Male,5,4,Divorced,19141,3,15,23,21,6,12,6,41,427
0,No,4,Male,3,1,Divorced,8793,1,21,9,9,7,1,7,27,294
0,No,3,Male,5,3,Married,19189,1,12,22,22,7,2,10,41,314
0,No,3,Male,1,2,Married,3875,7,15,4,2,2,2,2,50,316
0,No,3,Female,3,1,Married,11713,9,14,10,8,7,0,5,36,427
0,No,3,Male,1,3,Single,3708,2,14,9,5,2,1,4,44,381
0,Yes,3,Female,4,3,Divorced,13770,9,12,28,22,2,11,13,47,217
0,No,4,Male,2,4,Divorced,5304,7,23,10,8,7,7,7,30,501
0,No,3,Male,2,4,Married,6804,3,18,7,2,2,2,2,43,775
0,No,3,Female,2,3,Single,6142,3,11,10,5,1,4,3,34,970
0,No,3,Male,1,1,Married,2500,1,14,5,4,3,0,2,23,650
0,No,3,Female,2,2,Married,6389,9,15,12,8,3,3,6,39,141
0,No,3,Male,4,4,Married,11103,7,11,30,10,7,1,1,56,832
0,No,3,Female,2,1,Single,6811,8,19,9,7,6,0,7,27,975
0,No,3,Male,1,2,Divorced,2297,1,14,2,2,2,2,2,29,1090
0,No,3,Male,2,4,Single,2450,2,17,19,2,2,2,2,53,346
0,No,3,Female,2,1,Divorced,5093,2,11,16,1,0,0,0,35,1225
0,No,3,Male,2,4,Married,5309,1,15,10,10,8,4,7,32,430
0,No,3,Female,2,1,Divorced,5121,3,14,7,0,0,0,0,34,167
0,No,3,Male,4,1,Married,16856,1,11,34,34,6,1,16,52,621
0,No,4,Female,2,4,Single,6180,1,23,6,6,5,1,4,25,883
0,No,3,Male,2,3,Single,6632,0,13,9,8,7,3,1,45,954
0,No,3,Male,1,3,Single,3505,1,18,2,2,2,0,2,23,310
0,No,4,Male,2,4,Single,6274,1,22,6,6,5,1,4,34,304
0,No,3,Male,3,1,Single,7587,1,15,10,10,7,0,9,36,1434
0,No,3,Male,1,4,Married,4258,0,18,5,4,3,1,2,52,715
0,No,3,Female,1,4,Divorced,4364,3,14,5,2,2,2,0,26,575
0,No,3,Female,2,3,Married,4335,4,12,11,8,7,1,1,29,657
0,No,3,Female,1,4,Single,3280,2,16,10,4,2,1,3,34,182
0,No,3,Male,2,4,Married,4342,0,19,5,4,2,1,1,27,829
0,Yes,3,Female,1,1,Divorced,2782,0,13,6,5,3,4,3,37,571
0,No,3,Female,1,4,Single,2342,0,19,3,2,2,2,2,33,1038
0,No,3,Female,4,4,Married,17650,3,13,26,9,3,1,1,45,1234
0,No,3,Female,1,3,Single,4025,9,12,10,8,7,7,7,32,1109
0,No,3,Male,2,4,Divorced,9725,0,11,16,15,1,0,9,34,216
0,Yes,3,Male,3,4,Married,11904,3,14,14,6,4,0,4,59,1089
0,No,3,Male,1,2,Single,2177,1,16,6,6,3,0,4,45,788
0,No,3,Female,3,2,Married,7525,2,12,30,15,7,6,12,53,124
0,No,4,Male,1,2,Married,1052,1,22,1,1,0,0,0,28,1144
0,No,3,Male,1,3,Married,2821,3,16,8,2,2,2,2,38,1186
0,Yes,3,Male,5,3,Married,19237,2,11,29,8,1,7,7,50,1464
0,No,3,Female,2,2,Single,4107,3,15,8,4,3,0,1,37,124
0,No,3,Male,2,1,Married,8396,1,14,8,7,7,7,5,40,300
0,No,3,Female,1,3,Divorced,2007,1,13,5,5,3,1,3,26,921
0,No,3,Male,5,4,Divorced,19627,9,17,23,2,2,2,2,46,430
0,No,3,Female,3,3,Married,10686,6,11,13,9,4,7,0,54,1082
0,No,3,Female,1,3,Married,2942,2,19,18,5,4,0,3,56,1240
0,No,3,Female,3,4,Single,8858,0,11,15,14,8,7,8,36,796
0,No,3,Male,4,1,Single,16756,7,15,31,9,7,6,2,55,444
0,No,3,Male,3,4,Divorced,10798,5,13,18,1,0,0,0,43,415
0,Yes,4,Female,2,1,Divorced,4615,8,23,19,16,13,1,7,46,1003
0,No,3,Male,1,1,Married,3955,1,16,6,5,3,1,3,26,192
0,No,3,Male,2,1,Married,9957,0,15,7,6,2,0,2,30,1176
0,No,3,Female,1,3,Married,3376,1,13,10,10,6,0,8,41,509
0,No,3,Female,3,3,Married,8823,0,18,20,19,9,1,9,38,330
0,No,4,Male,3,4,Married,10322,4,20,14,11,10,11,1,40,1492
0,No,3,Male,1,3,Married,4621,1,19,3,3,2,1,2,27,1277
0,No,3,Male,3,2,Married,10976,3,18,23,3,2,1,2,55,1091
0,No,3,Female,2,3,Single,3660,3,13,10,8,7,1,7,28,857
0,No,3,Male,3,4,Divorced,7119,4,15,9,3,2,1,2,33,654
0,No,3,Male,1,3,Divorced,2207,1,16,4,4,2,2,2,28,895
0,No,3,Male,2,4,Single,7756,0,17,7,6,2,0,4,34,618
0,Yes,3,Female,2,4,Divorced,6694,2,14,8,1,0,0,0,37,309
0,No,3,Male,4,1,Married,17665,0,17,23,22,6,13,7,42,469
0,No,3,Female,2,2,Married,4302,0,17,4,3,2,0,2,33,970
0,No,3,Male,1,4,Married,2979,3,17,6,0,0,0,0,34,697
0,No,4,Male,4,4,Single,16885,2,22,27,5,4,2,1,48,1262
0,No,3,Female,2,3,Married,5593,1,13,15,15,10,4,12,45,1050
0,No,3,Male,3,2,Single,10445,7,19,18,8,6,4,0,52,994
0,Yes,3,Male,3,3,Divorced,8740,0,14,9,8,7,2,7,38,770
0,No,4,Female,1,4,Divorced,2514,4,22,11,7,5,1,7,29,1107
0,No,3,Female,3,2,Divorced,7655,0,17,10,9,7,1,7,28,950
0,No,3,Male,4,3,Married,17465,3,12,23,12,9,4,9,46,406
0,No,3,Female,3,1,Married,10820,8,11,18,8,7,0,1,43,1082
0,No,3,Male,5,3,Single,19626,1,14,21,20,7,4,9,40,1308
0,No,4,Male,2,4,Single,7779,2,20,18,11,9,0,9,36,217
0,No,3,Male,1,4,Married,2791,0,12,3,2,2,2,2,31,793
0,No,3,Male,1,2,Married,3201,0,17,6,5,3,0,4,28,1451
0,No,3,Male,2,4,Divorced,4968,1,11,5,5,2,0,2,35,1182
0,No,3,Male,4,2,Married,13120,6,17,22,9,8,2,3,49,174
0,No,3,Male,2,3,Single,4033,2,11,5,3,2,0,2,34,1003
0,No,3,Female,1,2,Divorced,3291,0,14,8,7,5,1,1,29,490
0,No,3,Male,2,4,Single,4272,4,19,16,1,0,0,0,42,188
0,Yes,3,Male,2,4,Married,5056,1,15,10,10,7,1,2,29,718
0,No,3,Male,1,3,Married,2844,1,13,7,7,6,5,0,38,433
0,Yes,3,Male,1,3,Divorced,2703,1,14,3,3,1,0,2,28,773
0,No,3,Female,2,4,Divorced,5731,7,13,9,6,2,1,3,37,367
0,No,3,Male,1,3,Married,2539,1,13,4,4,2,2,2,27,199
0,No,4,Female,2,3,Married,5714,1,20,6,6,5,1,3,34,1400
0,No,3,Male,1,3,Single,4323,1,17,6,5,4,1,4,35,528
0,No,3,Female,3,3,Single,13499,9,17,20,18,7,2,13,40,593
0,No,3,Male,1,3,Married,2258,6,12,10,8,0,1,7,35,982
0,No,4,Male,1,4,Married,4420,1,22,8,8,7,0,7,26,1384
0,No,3,Male,2,3,Married,6578,1,18,10,10,3,1,4,30,852
0,Yes,3,Female,2,4,Married,4422,3,13,16,1,1,0,0,40,902
0,No,3,Male,3,2,Divorced,10274,2,18,15,7,7,6,4,35,819
0,No,4,Male,2,1,Single,5343,0,20,14,13,9,4,9,34,669
0,No,3,Male,1,4,Married,2376,1,13,2,2,2,2,2,35,636
0,No,3,Female,1,1,Divorced,2827,1,12,1,1,0,0,0,32,862
0,No,3,Female,5,1,Divorced,19943,4,13,28,5,2,4,2,56,718
0,No,3,Female,1,4,Married,3131,1,13,10,10,8,0,8,29,1401
0,No,3,Female,2,4,Married,6474,1,13,14,14,8,3,11,37,977
0,No,3,Male,1,3,Single,3033,1,12,2,2,2,1,2,20,805
0,No,3,Female,5,3,Divorced,18606,3,18,26,7,7,4,7,53,1223
0,Yes,3,Female,1,4,Married,2168,0,18,6,5,4,1,3,29,942
0,No,4,Female,4,1,Married,17048,8,23,28,26,15,15,9,46,1402
0,No,3,Male,1,3,Single,2290,2,13,6,0,0,0,0,44,111
0,No,3,Male,1,3,Married,3600,1,13,5,5,4,1,4,33,147
0,No,3,Male,2,1,Divorced,4115,8,19,8,4,3,0,3,30,1329
0,No,3,Male,2,2,Married,4327,5,12,5,0,0,0,0,40,1184
0,No,4,Female,4,1,Married,17856,2,22,32,2,2,2,2,50,1421
0,No,3,Male,1,1,Married,3196,1,12,6,6,5,3,3,28,1179
0,No,3,Male,5,2,Married,19081,5,11,25,4,2,0,3,46,1450
0,Yes,3,Male,2,1,Married,8966,3,15,15,7,7,1,7,35,1361
0,No,3,Female,2,3,Married,4539,1,12,10,10,7,0,1,33,1146
0,No,3,Male,1,3,Divorced,2741,1,14,7,7,7,1,7,36,917
0,No,3,Male,2,3,Divorced,3491,1,13,10,10,7,8,9,30,853
0,No,4,Male,2,4,Single,4541,1,25,20,20,11,13,17,44,200
0,No,3,Male,1,4,Single,2678,1,17,2,2,1,2,2,20,654
0,No,3,Male,2,4,Divorced,7379,2,11,12,6,3,1,4,46,150
0,No,3,Male,2,1,Married,6272,7,16,10,4,3,0,3,42,179
0,Yes,3,Male,2,4,Divorced,5220,0,18,12,11,7,1,9,60,696
0,No,4,Female,1,2,Married,2743,1,20,2,2,2,2,2,32,116
0,Yes,3,Female,2,3,Single,4998,4,14,10,8,7,0,7,32,1316
0,Yes,4,Female,3,1,Divorced,10252,2,21,17,7,7,7,7,36,363
0,No,3,Male,1,4,Married,2781,0,13,15,14,10,4,10,33,117
0,No,3,Female,2,2,Divorced,6852,7,12,7,5,1,1,3,40,107
0,No,3,Male,2,4,Single,4950,0,14,5,4,3,1,1,25,1356
0,Yes,4,Male,1,2,Married,3579,0,21,12,11,9,5,7,30,1465
0,Yes,3,Female,3,1,Married,13191,3,17,20,1,0,0,0,42,458
0,Yes,3,Female,3,4,Married,10377,4,11,16,13,2,4,12,35,1212
0,No,3,Female,3,3,Divorced,10502,7,17,33,5,4,1,4,54,966
0,No,3,Female,1,4,Married,2011,1,13,10,10,5,7,7,44,1117
0,No,3,Female,1,4,Divorced,3760,1,15,3,3,2,1,2,29,1010
0,No,3,Male,4,4,Married,17779,3,14,36,10,9,0,9,54,685
0,No,3,Female,2,1,Single,6812,1,19,10,10,9,1,8,31,1062
0,No,3,Female,2,4,Single,5171,5,17,13,6,1,0,5,59,326
0,No,3,Male,5,4,Married,19740,3,14,25,8,7,0,7,43,920
0,No,3,Male,5,3,Married,18711,2,13,23,1,0,0,0,49,1098
0,No,3,Male,1,2,Married,3692,1,12,12,11,10,0,7,36,469
0,No,3,Male,1,3,Divorced,2517,1,11,5,5,3,0,3,27,1167
0,No,3,Male,5,4,Single,18265,6,12,25,1,0,0,0,48,715
0,No,3,Female,4,4,Divorced,16124,3,14,9,7,7,1,7,29,694
0,No,3,Female,1,3,Married,2585,0,17,2,1,0,0,0,34,1320
0,No,3,Male,5,2,Married,18213,7,11,26,22,9,3,10,44,1099
0,Yes,3,Male,3,3,Divorced,8380,0,14,10,9,8,0,8,33,536
0,No,4,Male,1,3,Married,1223,1,22,1,1,0,0,1,23,373
0,Yes,3,Male,4,2,Divorced,13577,1,15,34,33,9,15,0,55,177
0,No,3,Female,5,2,Married,18789,2,14,26,11,4,0,8,46,168
0,Yes,3,Female,2,1,Single,4538,0,12,4,3,2,0,2,34,131
0,Yes,4,Male,5,2,Divorced,19847,4,24,31,29,10,11,10,51,237
0,No,3,Male,3,4,Single,10512,6,12,25,9,7,5,4,59,1429
0,No,3,Female,2,2,Divorced,4444,4,13,15,11,8,5,10,34,135
0,Yes,3,Male,1,3,Single,2154,0,11,5,4,2,0,2,28,791
0,No,3,Male,5,1,Divorced,19190,1,14,26,25,9,14,13,44,1199
0,No,3,Male,2,2,Married,4490,4,11,14,10,9,1,8,34,648
0,Yes,3,Male,1,3,Married,3506,0,14,4,3,2,2,2,35,735
0,Yes,3,Female,2,2,Married,2372,6,16,18,1,0,0,0,42,603
0,No,3,Female,3,4,Single,10231,3,14,23,21,7,15,17,43,531
0,Yes,3,Female,2,2,Single,5410,9,11,18,16,14,5,12,36,429
0,Yes,3,Male,1,4,Married,3867,1,12,2,2,2,2,2,28,193
0,No,3,Female,1,3,Single,2838,0,14,8,7,0,7,7,51,968
0,Yes,3,Female,2,3,Single,4695,7,18,10,8,4,1,7,30,879
0,No,3,Male,1,1,Single,2080,2,11,5,3,2,1,2,28,640
0,No,3,Female,1,2,Single,2096,1,18,2,2,2,2,1,25,266
0,No,3,Male,2,4,Married,6209,1,15,10,10,7,0,8,32,604
0,No,4,Female,5,2,Single,18061,3,22,22,0,0,0,0,45,364
0,Yes,3,Female,4,2,Divorced,17123,6,13,21,19,9,15,2,39,412
0,No,3,Male,1,3,Divorced,2372,1,12,2,2,2,2,2,58,848
0,No,3,Female,2,4,Married,4627,0,12,10,9,2,6,7,30,1138
